temperature,humidity,pressure
22.49080237694725,82.48361008566405,767.6183433741165
34.01428612819832,88.24593449502706,768.1571430801035
29.6398788362281,50.67022587317115,766.594575608818
26.973169683940732,37.15337509429899,744.8063480102178
18.12037280884873,44.81578556522621,730.6182646611547
18.119890406724053,57.762006260706656,767.132742503509
16.161672243363988,83.17095978496205,747.1273659326926
32.3235229154987,85.94748791166232,768.6661927617467
27.022300234864176,30.451888484527394,768.5447990835701
29.16145155592091,63.19857466754177,764.1203782186944
15.411689885916049,57.131715204670634,741.7779556827834
34.39819704323989,44.43700768059747,745.403909144077
31.648852816008436,37.79124887668938,764.0454668606743
19.246782213565524,51.944986141235816,742.6768802062511
18.636499344142013,91.28913075431375,736.7797098674437
18.668090197068675,51.00819058134909,752.272050498334
21.084844859190753,63.721390413318794,767.4461909664312
25.495128632644757,75.69623232818657,757.8411918669989
23.638900372842315,53.635924154654106,752.8024468035746
20.824582803960837,93.16583537686245,733.8870597508308
27.237057894447588,92.55907417123723,754.6002890679667
17.789877213040835,46.36584922864867,769.6021540041705
20.842892970704362,62.321152883005055,735.603360609461
22.327236865873836,49.55709013809003,750.7331860945495
24.12139968434072,48.51463213453539,765.0949228771182
30.703519227860273,32.39765157804463,759.6307447101682
18.993475643167194,69.6216817086933,757.8806296398108
25.284688768272233,62.674136509876,758.0993633594844
26.848291377240848,33.346118831249306,744.3796460487902
15.929008254399955,48.11202017537974,741.7436737705798
27.150897038028766,89.0372825878325,762.3744462191405
18.41048247374583,45.571522893353205,762.4045357871672
16.30103185970559,39.4181666859295,764.6828927432041
33.977710745066666,61.8144294180416,766.5296221022588
34.31264066149119,94.06727951718905,750.4536959544375
31.16794696232922,45.73359264824752,750.060651787488
21.092275383467413,73.68881058138211,761.9318071586711
16.95344228012768,79.50527499636664,755.9985572311106
28.684660530243136,45.44644035950598,758.0786750903081
23.803049874792027,77.33406265977086,761.8317067774441
17.440764696895577,53.90590362675146,765.6002136727027
24.903538202225405,71.09987898858267,743.5198062740615
15.687770422304368,71.17943119945815,745.0233181055978
33.186408041575646,64.8253544648593,733.7592775936348
20.17559963200034,35.86883505353654,753.1312056398469
28.25044568707964,84.29466221330047,731.4376909518696
21.23422152178822,50.85070422316283,748.6239207252984
25.401360423556216,42.12370317599053,751.7057853883031
25.934205586865595,32.65038420105965,741.4616500851314
18.69708911051054,68.40804130723572,753.6333304227604
34.39169255529117,74.04168351974835,731.220009997562
30.50265646722229,31.07820888031065,731.4939275499686
33.78997883128378,63.28604878945326,762.9040224263863
32.89654700855297,44.72222538786597,744.4076256564505
26.957999576221702,71.93623137661424,735.0824205060754
33.437484700462335,41.33381788532444,750.8897304021922
16.76985004103839,74.91095297666028,760.7997421239444
18.919657248382904,55.137797509534934,738.6328410998738
15.90454577821076,90.88744926788775,754.91561903276
21.506606615265287,38.93886136948956,733.4138985997507
22.77354579378964,52.1693128182668,732.0672688467444
20.426980635477918,37.37577888063829,751.254185262726
31.57475018303859,90.10508518810659,751.6254048644042
22.135066533871786,87.02705796976377,755.4971960599282
20.618690193747614,46.766205801485114,759.0436533489064
25.853921663164968,72.89896299222164,769.0340831785014
17.818484499495252,83.11944301307904,750.6520139320478
31.043939615080795,66.08805275396506,742.9182589176498
16.491012873595416,64.42728759314042,761.8074477907481
34.73773873201034,45.72039890852936,740.833290050483
30.444895385933147,36.051679907383445,747.5588568282254
18.974313630683447,88.31902426696624,733.1382552536907
15.110442342472048,88.52717371561647,731.0140297366183
31.309228569096682,71.15159472276241,768.505936587117
29.137146876952343,52.036936418165546,763.4392048204883
29.580143360819747,52.698622349822955,757.8389682437479
30.425406933718914,77.18711912656556,746.3581177765708
16.480893034681806,88.31216689691752,736.9317728028338
22.169314570885454,87.66061757723263,736.2574817068435
17.317381190502594,80.69191048074555,740.0097159265838
32.26206851751187,71.7320570000287,751.9690665882448
27.46596253655116,35.46909772467817,758.5838369080025
21.617960497052984,40.50586641614989,756.4078950687092
16.27116700572047,88.40602225426015,741.1973558778377
21.219646434313244,69.41788887787334,768.1946112265277
21.503666440534943,30.59780835508093,759.5158766678308
29.59212356676128,36.595650286292084,752.174162100456
27.751149427104263,73.12761499202364,754.4688298493741
32.744254851526534,30.329002950004213,746.7840024971116
24.444298503238986,40.45252334213741,739.9092395800463
17.391884918766035,65.6676963088281,744.2389071460505
29.2648957444599,74.97318785002506,760.3138444185747
30.21570097233795,72.37748186766903,730.5757395451902
26.225543951389923,44.577505114936386,734.6429056202767
30.41934359909122,76.29164938758983,731.8401056808701
24.875911927287817,45.421190687292004,731.6291520927588
25.45465658763988,51.1509803803524,764.2184233604403
23.550820367170992,78.52194133267156,758.146314375201
15.508382534881903,72.22613843806894,748.966953163493
17.157828539866088,85.19952168212157,733.91336642604
15.628583713734685,72.74483799952232,749.6646350046733
27.72820822527561,66.94005921680565,748.9388708312226
21.287119621526536,36.08885990882601,736.9280747964006
25.171413823294056,53.90152719886318,747.354065969519
33.15132947852186,47.23815389931215,745.940189375895
19.9858445829775,45.85932681964043,754.6340039220887
23.207658460712594,93.24568605890897,755.4037460347057
30.111022770860973,55.551352103339426,731.8121603908818
19.57596330983245,87.98302608651235,744.9845045850589
16.53959819657586,71.02401068982209,755.0343966285694
20.79502905827536,81.66273473020715,750.1254503432035
18.22442574508009,62.67141105183749,764.2595936475329
33.59395304685146,67.49875250071335,756.3477452647578
31.16240759128834,62.01365009822615,736.5173770832572
27.66807513020847,42.690794206872894,732.8227498960172
32.429211803754356,76.95938749199784,755.6967711282526
31.07344153798229,48.25020355865563,731.0604524216649
18.731401177720716,31.5805378180445,753.4310232509386
32.85117996979956,71.9556992339659,767.6092096569982
25.786844838313016,41.51219416145818,753.0189671150351
